Date,Location ISO Code,Location,New Cases,New Deaths,New Recovered,New Active Cases,Total Cases,Total Deaths,Total Recovered,Total Active Cases,Location Level,Province,Country,Continent,Island,Time Zone,Total Regencies,Total Cities,Total Districts,Total Urban Villages,Total Rural Villages,Area (km2),Population,Population Density,Longitude,Latitude,New Cases per Million,Total Cases per Million,Total Deaths per Million,Total Deaths per 100rb,Case Fatality Rate,Case Recovered Rate,Growth Factor of New Cases,Growth Factor of New Deaths
3/1/2020,ID-JK,DKI Jakarta,2,0,0,2,39,20,75,-56,Province,DKI Jakarta,Indonesia,Asia,Jawa,UTC+07:00,1,5,44,267,0,664,10846145,16334.31,106.8361183,-6.204698991,0.18,3.6,1.84,0.18,51.2821,192.31,0,0
3/2/2020,ID-JK,DKI Jakarta,2,0,0,2,41,20,75,-54,Province,DKI Jakarta,Indonesia,Asia,Jawa,UTC+07:00,1,5,44,267,0,664,10846145,16334.31,106.8361183,-6.204698991,0.18,3.78,1.84,0.18,48.7805,182.93,1,1
3/3/2020,ID-JK,DKI Jakarta,2,0,0,2,43,20,75,-52,Province,DKI Jakarta,Indonesia,Asia,Jawa,UTC+07:00,1,5,44,267,0,664,10846145,16334.31,106.8361183,-6.204698991,0.18,3.96,1.84,0.18,46.5116,174.42,1,1
3/4/2020,ID-JK,DKI Jakarta,2,0,0,2,45,20,75,-50,Province,DKI Jakarta,Indonesia,Asia,Jawa,UTC+07:00,1,5,44,267,0,664,10846145,16334.31,106.8361183,-6.204698991,0.18,4.15,1.84,0.18,44.4444,166.67,1,1
3/5/2020,ID-JK,DKI Jakarta,0,1,0,-1,45,21,75,-51,Province,DKI Jakarta,Indonesia,Asia,Jawa,UTC+07:00,1,5,44,267,0,664,10846145,16334.31,106.8361183,-6.204698991,0,4.15,1.94,0.19,46.6667,166.67,0,0
3/6/2020,ID-JK,DKI Jakarta,0,0,0,0,45,21,75,-51,Province,DKI Jakarta,Indonesia,Asia,Jawa,UTC+07:00,1,5,44,267,0,664,10846145,16334.31,106.8361183,-6.204698991,0,4.15,1.94,0.19,46.6667,166.67,1,0
3/7/2020,ID-JK,DKI Jakarta,0,2,0,-2,45,23,75,-53,Province,DKI Jakarta,Indonesia,Asia,Jawa,UTC+07:00,1,5,44,267,0,664,10846145,16334.31,106.8361183,-6.204698991,0,4.15,2.12,0.21,51.1111,166.67,1,0
3/8/2020,ID-JK,DKI Jakarta,0,0,0,0,45,23,75,-53,Province,DKI Jakarta,Indonesia,Asia,Jawa,UTC+07:00,1,5,44,267,0,664,10846145,16334.31,106.8361183,-6.204698991,0,4.15,2.12,0.21,51.1111,166.67,1,0
3/9/2020,ID-JK,DKI Jakarta,0,1,0,-1,45,24,75,-54,Province,DKI Jakarta,Indonesia,Asia,Jawa,UTC+07:00,1,5,44,267,0,664,10846145,16334.31,106.8361183,-6.204698991,0,4.15,2.21,0.22,53.3333,166.67,1,0
3/10/2020,ID-JK,DKI Jakarta,0,0,0,0,45,24,75,-54,Province,DKI Jakarta,Indonesia,Asia,Jawa,UTC+07:00,1,5,44,267,0,664,10846145,16334.31,106.8361183,-6.204698991,0,4.15,2.21,0.22,53.3333,166.67,1,0
3/11/2020,ID-BA,Bali,1,1,0,0,1,1,3,-3,Province,Bali,Indonesia,Asia,Nusa Tenggara,UTC+08:00,8,1,57,80,636,5780,4216171,729.43,115.1317136,-8.369471688,0.24,0.24,0.24,0.02,100,300,0,0
3/11/2020,ID-JK,DKI Jakarta,0,0,0,0,45,24,75,-54,Province,DKI Jakarta,Indonesia,Asia,Jawa,UTC+07:00,1,5,44,267,0,664,10846145,16334.31,106.8361183,-6.204698991,0,4.15,2.21,0.22,53.3333,166.67,1,1
3/11/2020,IDN,Indonesia,7,1,0,6,34,1,2,31,Country,N/A,Indonesia,Asia,N/A,N/A,416,98,7230,8488,74953,1916907,265185520,138.34,113.921327,-0.789275,0.03,0.13,0,0,2.94118,5.88,0.88,0
3/12/2020,ID-BA,Bali,0,0,0,0,1,1,3,-3,Province,Bali,Indonesia,Asia,Nusa Tenggara,UTC+08:00,8,1,57,80,636,5780,4216171,729.43,115.1317136,-8.369471688,0,0.24,0.24,0.02,100,300,0,0
3/12/2020,ID-JK,DKI Jakarta,2,1,4,-3,47,25,79,-57,Province,DKI Jakarta,Indonesia,Asia,Jawa,UTC+07:00,1,5,44,267,0,664,10846145,16334.31,106.8361183,-6.204698991,0.18,4.33,2.3,0.23,53.1915,168.09,0,0
3/12/2020,IDN,Indonesia,0,0,0,0,34,1,2,31,Country,N/A,Indonesia,Asia,N/A,N/A,416,98,7230,8488,74953,1916907,265185520,138.34,113.921327,-0.789275,0,0.13,0,0,2.94118,5.88,0,0
3/13/2020,ID-BA,Bali,0,0,0,0,1,1,3,-3,Province,Bali,Indonesia,Asia,Nusa Tenggara,UTC+08:00,8,1,57,80,636,5780,4216171,729.43,115.1317136,-8.369471688,0,0.24,0.24,0.02,100,300,1,1
3/13/2020,ID-JK,DKI Jakarta,4,1,3,0,51,26,82,-57,Province,DKI Jakarta,Indonesia,Asia,Jawa,UTC+07:00,1,5,44,267,0,664,10846145,16334.31,106.8361183,-6.204698991,0.37,4.7,2.4,0.24,50.9804,160.78,2,1
3/13/2020,IDN,Indonesia,35,3,0,32,69,4,2,63,Country,N/A,Indonesia,Asia,N/A,N/A,416,98,7230,8488,74953,1916907,265185520,138.34,113.921327,-0.789275,0.13,0.26,0.02,0,5.7971,2.9,0,0
3/13/2020,ID-JB,Jawa Barat,4,0,1,3,9,2,61,-54,Province,Jawa Barat,Indonesia,Asia,Jawa,UTC+07:00,18,9,627,645,5312,35378,45161325,1276.55,107.6037083,-6.920432083,0.09,0.2,0.04,0,22.2222,677.78,4,1
3/14/2020,ID-BA,Bali,0,0,0,0,1,1,3,-3,Province,Bali,Indonesia,Asia,Nusa Tenggara,UTC+08:00,8,1,57,80,636,5780,4216171,729.43,115.1317136,-8.369471688,0,0.24,0.24,0.02,100,300,1,1
3/14/2020,ID-JK,DKI Jakarta,2,1,1,0,53,27,83,-57,Province,DKI Jakarta,Indonesia,Asia,Jawa,UTC+07:00,1,5,44,267,0,664,10846145,16334.31,106.8361183,-6.204698991,0.18,4.89,2.49,0.25,50.9434,156.6,0.5,1
3/14/2020,IDN,Indonesia,27,1,6,20,96,5,8,83,Country,N/A,Indonesia,Asia,N/A,N/A,416,98,7230,8488,74953,1916907,265185520,138.34,113.921327,-0.789275,0.1,0.36,0.02,0,5.20833,8.33,0.77,0.33
3/14/2020,ID-JB,Jawa Barat,0,0,0,0,9,2,61,-54,Province,Jawa Barat,Indonesia,Asia,Jawa,UTC+07:00,18,9,627,645,5312,35378,45161325,1276.55,107.6037083,-6.920432083,0,0.2,0.04,0,22.2222,677.78,0,1
3/15/2020,ID-BA,Bali,0,0,0,0,1,1,3,-3,Province,Bali,Indonesia,Asia,Nusa Tenggara,UTC+08:00,8,1,57,80,636,5780,4216171,729.43,115.1317136,-8.369471688,0,0.24,0.24,0.02,100,300,1,1
3/15/2020,ID-JK,DKI Jakarta,8,3,0,5,61,30,83,-52,Province,DKI Jakarta,Indonesia,Asia,Jawa,UTC+07:00,1,5,44,267,0,664,10846145,16334.31,106.8361183,-6.204698991,0.74,5.62,2.77,0.28,49.1803,136.07,4,3
3/15/2020,IDN,Indonesia,21,0,0,21,117,5,8,104,Country,N/A,Indonesia,Asia,N/A,N/A,416,98,7230,8488,74953,1916907,265185520,138.34,113.921327,-0.789275,0.08,0.44,0.02,0,4.2735,6.84,0.78,0
3/15/2020,ID-JB,Jawa Barat,0,0,2,-2,9,2,63,-56,Province,Jawa Barat,Indonesia,Asia,Jawa,UTC+07:00,18,9,627,645,5312,35378,45161325,1276.55,107.6037083,-6.920432083,0,0.2,0.04,0,22.2222,700,1,1
3/16/2020,ID-BA,Bali,0,0,0,0,1,1,3,-3,Province,Bali,Indonesia,Asia,Nusa Tenggara,UTC+08:00,8,1,57,80,636,5780,4216171,729.43,115.1317136,-8.369471688,0,0.24,0.24,0.02,100,300,1,1
3/16/2020,ID-JK,DKI Jakarta,2,3,0,-1,63,33,83,-53,Province,DKI Jakarta,Indonesia,Asia,Jawa,UTC+07:00,1,5,44,267,0,664,10846145,16334.31,106.8361183,-6.204698991,0.18,5.81,3.04,0.3,52.381,131.75,0.25,1
3/16/2020,IDN,Indonesia,17,0,0,17,134,5,8,121,Country,N/A,Indonesia,Asia,N/A,N/A,416,98,7230,8488,74953,1916907,265185520,138.34,113.921327,-0.789275,0.06,0.51,0.02,0,3.73134,5.97,0.81,1
3/16/2020,ID-JB,Jawa Barat,0,0,2,-2,9,2,65,-58,Province,Jawa Barat,Indonesia,Asia,Jawa,UTC+07:00,18,9,627,645,5312,35378,45161325,1276.55,107.6037083,-6.920432083,0,0.2,0.04,0,22.2222,722.22,1,1
3/17/2020,ID-BA,Bali,0,0,0,0,1,1,3,-3,Province,Bali,Indonesia,Asia,Nusa Tenggara,UTC+08:00,8,1,57,80,636,5780,4216171,729.43,115.1317136,-8.369471688,0,0.24,0.24,0.02,100,300,1,1
3/17/2020,ID-JK,DKI Jakarta,2,1,0,1,65,34,83,-52,Province,DKI Jakarta,Indonesia,Asia,Jawa,UTC+07:00,1,5,44,267,0,664,10846145,16334.31,106.8361183,-6.204698991,0.18,5.99,3.13,0.31,52.3077,127.69,1,0.33
3/17/2020,IDN,Indonesia,38,0,1,37,172,5,9,158,Country,N/A,Indonesia,Asia,N/A,N/A,416,98,7230,8488,74953,1916907,265185520,138.34,113.921327,-0.789275,0.14,0.65,0.02,0,2.90698,5.23,2.24,1
3/17/2020,ID-JB,Jawa Barat,11,0,0,11,20,2,65,-47,Province,Jawa Barat,Indonesia,Asia,Jawa,UTC+07:00,18,9,627,645,5312,35378,45161325,1276.55,107.6037083,-6.920432083,0.24,0.44,0.04,0,10,325,0,1
3/17/2020,ID-SU,Sumatera Utara,1,1,0,0,1,1,10,-10,Province,Sumatera Utara,Indonesia,Asia,Sumatera,UTC+07:00,25,8,450,693,5417,72981,14874889,203.82,99.05196442,2.191894453,0.07,0.07,0.07,0.01,100,1000,0,0
3/18/2020,ID-BA,Bali,0,0,0,0,1,1,3,-3,Province,Bali,Indonesia,Asia,Nusa Tenggara,UTC+08:00,8,1,57,80,636,5780,4216171,729.43,115.1317136,-8.369471688,0,0.24,0.24,0.02,100,300,1,1
3/18/2020,ID-JK,DKI Jakarta,1,1,0,0,66,35,83,-52,Province,DKI Jakarta,Indonesia,Asia,Jawa,UTC+07:00,1,5,44,267,0,664,10846145,16334.31,106.8361183,-6.204698991,0.09,6.09,3.23,0.32,53.0303,125.76,0.5,1
3/18/2020,IDN,Indonesia,55,14,2,39,227,19,11,197,Country,N/A,Indonesia,Asia,N/A,N/A,416,98,7230,8488,74953,1916907,265185520,138.34,113.921327,-0.789275,0.21,0.86,0.07,0.01,8.37004,4.85,1.45,0
3/18/2020,ID-JB,Jawa Barat,4,1,2,1,24,3,67,-46,Province,Jawa Barat,Indonesia,Asia,Jawa,UTC+07:00,18,9,627,645,5312,35378,45161325,1276.55,107.6037083,-6.920432083,0.09,0.53,0.07,0.01,12.5,279.17,0.36,0
3/18/2020,ID-SU,Sumatera Utara,0,0,0,0,1,1,10,-10,Province,Sumatera Utara,Indonesia,Asia,Sumatera,UTC+07:00,25,8,450,693,5417,72981,14874889,203.82,99.05196442,2.191894453,0,0.07,0.07,0.01,100,1000,0,0
3/19/2020,ID-BA,Bali,1,1,0,0,2,2,3,-3,Province,Bali,Indonesia,Asia,Nusa Tenggara,UTC+08:00,8,1,57,80,636,5780,4216171,729.43,115.1317136,-8.369471688,0.24,0.47,0.47,0.05,100,150,0,0
3/19/2020,ID-JK,DKI Jakarta,2,0,1,1,68,35,84,-51,Province,DKI Jakarta,Indonesia,Asia,Jawa,UTC+07:00,1,5,44,267,0,664,10846145,16334.31,106.8361183,-6.204698991,0.18,6.27,3.23,0.32,51.4706,123.53,2,0
3/19/2020,IDN,Indonesia,82,6,4,72,309,25,15,269,Country,N/A,Indonesia,Asia,N/A,N/A,416,98,7230,8488,74953,1916907,265185520,138.34,113.921327,-0.789275,0.31,1.17,0.09,0.01,8.09062,4.85,1.49,0.43
3/19/2020,ID-JB,Jawa Barat,5,1,1,3,29,4,68,-43,Province,Jawa Barat,Indonesia,Asia,Jawa,UTC+07:00,18,9,627,645,5312,35378,45161325,1276.55,107.6037083,-6.920432083,0.11,0.64,0.09,0.01,13.7931,234.48,1.25,1
3/19/2020,ID-JT,Jawa Tengah,2,0,0,2,13,12,15,-14,Province,Jawa Tengah,Indonesia,Asia,Jawa,UTC+07:00,29,6,576,753,7809,32801,36364072,1108.64,110.2011149,-7.259097177,0.05,0.36,0.33,0.03,92.3077,115.38,0.67,0
3/19/2020,ID-SU,Sumatera Utara,0,0,0,0,1,1,10,-10,Province,Sumatera Utara,Indonesia,Asia,Sumatera,UTC+07:00,25,8,450,693,5417,72981,14874889,203.82,99.05196442,2.191894453,0,0.07,0.07,0.01,100,1000,1,1
3/20/2020,ID-BA,Bali,0,0,0,0,2,2,3,-3,Province,Bali,Indonesia,Asia,Nusa Tenggara,UTC+08:00,8,1,57,80,636,5780,4216171,729.43,115.1317136,-8.369471688,0,0.47,0.47,0.05,100,150,0,0
3/20/2020,ID-JK,DKI Jakarta,5,3,1,1,73,38,85,-50,Province,DKI Jakarta,Indonesia,Asia,Jawa,UTC+07:00,1,5,44,267,0,664,10846145,16334.31,106.8361183,-6.204698991,0.46,6.73,3.5,0.35,52.0548,116.44,2.5,0
3/20/2020,IDN,Indonesia,60,7,2,51,369,32,17,320,Country,N/A,Indonesia,Asia,N/A,N/A,416,98,7230,8488,74953,1916907,265185520,138.34,113.921327,-0.789275,0.23,1.39,0.12,0.01,8.67209,4.61,0.73,1.17
3/20/2020,ID-JB,Jawa Barat,16,4,0,12,45,8,68,-31,Province,Jawa Barat,Indonesia,Asia,Jawa,UTC+07:00,18,9,627,645,5312,35378,45161325,1276.55,107.6037083,-6.920432083,0.35,1,0.18,0.02,17.7778,151.11,3.2,4
3/20/2020,ID-JT,Jawa Tengah,4,0,1,3,17,12,16,-11,Province,Jawa Tengah,Indonesia,Asia,Jawa,UTC+07:00,29,6,576,753,7809,32801,36364072,1108.64,110.2011149,-7.259097177,0.11,0.47,0.33,0.03,70.5882,94.12,2,1
3/20/2020,ID-SU,Sumatera Utara,0,0,0,0,1,1,10,-10,Province,Sumatera Utara,Indonesia,Asia,Sumatera,UTC+07:00,25,8,450,693,5417,72981,14874889,203.82,99.05196442,2.191894453,0,0.07,0.07,0.01,100,1000,1,1
3/21/2020,ID-BA,Bali,0,0,0,0,2,2,3,-3,Province,Bali,Indonesia,Asia,Nusa Tenggara,UTC+08:00,8,1,57,80,636,5780,4216171,729.43,115.1317136,-8.369471688,0,0.47,0.47,0.05,100,150,1,1
3/21/2020,ID-JK,DKI Jakarta,8,3,6,-1,81,41,91,-51,Province,DKI Jakarta,Indonesia,Asia,Jawa,UTC+07:00,1,5,44,267,0,664,10846145,16334.31,106.8361183,-6.204698991,0.74,7.47,3.78,0.38,50.6173,112.35,1.6,1
3/21/2020,IDN,Indonesia,81,6,3,72,450,38,20,392,Country,N/A,Indonesia,Asia,N/A,N/A,416,98,7230,8488,74953,1916907,265185520,138.34,113.921327,-0.789275,0.31,1.7,0.14,0.01,8.44444,4.44,1.35,0.86
3/21/2020,ID-JB,Jawa Barat,5,0,0,5,50,8,68,-26,Province,Jawa Barat,Indonesia,Asia,Jawa,UTC+07:00,18,9,627,645,5312,35378,45161325,1276.55,107.6037083,-6.920432083,0.11,1.11,0.18,0.02,16,136,0.31,0
3/21/2020,ID-JT,Jawa Tengah,1,1,0,0,18,13,16,-11,Province,Jawa Tengah,Indonesia,Asia,Jawa,UTC+07:00,29,6,576,753,7809,32801,36364072,1108.64,110.2011149,-7.259097177,0.03,0.49,0.36,0.04,72.2222,88.89,0.25,0
3/21/2020,ID-JI,Jawa Timur,9,1,0,8,39,34,337,-332,Province,Jawa Timur,Indonesia,Asia,Jawa,UTC+07:00,29,9,666,777,7724,47803,40479023,846.78,112.7329414,-7.723345579,0.22,0.96,0.84,0.08,87.1795,864.1,1,0
3/21/2020,ID-SU,Sumatera Utara,0,0,0,0,1,1,10,-10,Province,Sumatera Utara,Indonesia,Asia,Sumatera,UTC+07:00,25,8,450,693,5417,72981,14874889,203.82,99.05196442,2.191894453,0,0.07,0.07,0.01,100,1000,1,1
3/22/2020,ID-BA,Bali,0,0,0,0,2,2,3,-3,Province,Bali,Indonesia,Asia,Nusa Tenggara,UTC+08:00,8,1,57,80,636,5780,4216171,729.43,115.1317136,-8.369471688,0,0.47,0.47,0.05,100,150,1,1
3/22/2020,ID-JK,DKI Jakarta,2,0,3,-1,83,41,94,-52,Province,DKI Jakarta,Indonesia,Asia,Jawa,UTC+07:00,1,5,44,267,0,664,10846145,16334.31,106.8361183,-6.204698991,0.18,7.65,3.78,0.38,49.3976,113.25,0.25,0
3/22/2020,IDN,Indonesia,64,10,9,45,514,48,29,437,Country,N/A,Indonesia,Asia,N/A,N/A,416,98,7230,8488,74953,1916907,265185520,138.34,113.921327,-0.789275,0.24,1.94,0.18,0.02,9.33852,5.64,0.79,1.67
3/22/2020,ID-JB,Jawa Barat,3,3,1,-1,53,11,69,-27,Province,Jawa Barat,Indonesia,Asia,Jawa,UTC+07:00,18,9,627,645,5312,35378,45161325,1276.55,107.6037083,-6.920432083,0.07,1.17,0.24,0.02,20.7547,130.19,0.6,0
3/22/2020,ID-JT,Jawa Tengah,1,0,1,0,19,13,17,-11,Province,Jawa Tengah,Indonesia,Asia,Jawa,UTC+07:00,29,6,576,753,7809,32801,36364072,1108.64,110.2011149,-7.259097177,0.03,0.52,0.36,0.04,68.4211,89.47,1,0
3/22/2020,ID-JI,Jawa Timur,14,0,0,14,53,34,337,-318,Province,Jawa Timur,Indonesia,Asia,Jawa,UTC+07:00,29,9,666,777,7724,47803,40479023,846.78,112.7329414,-7.723345579,0.35,1.31,0.84,0.08,64.1509,635.85,1.56,0
3/22/2020,ID-MA,Maluku,1,0,0,1,1,1,1,-1,Province,Maluku,Indonesia,Asia,Maluku,UTC+09:00,9,2,118,35,1198,46914,1847097,39.37,129.576792,-3.192572,0.54,0.54,0.54,0.05,100,100,0,0
3/22/2020,ID-PA,Papua,2,0,0,2,2,1,2,-1,Province,Papua,Indonesia,Asia,Papua,UTC+09:00,28,1,560,110,5411,319036,4340348,13.6,138.69603,-4.66620953,0.46,0.46,0.23,0.02,50,100,0,0
3/22/2020,ID-SU,Sumatera Utara,0,0,0,0,1,1,10,-10,Province,Sumatera Utara,Indonesia,Asia,Sumatera,UTC+07:00,25,8,450,693,5417,72981,14874889,203.82,99.05196442,2.191894453,0,0.07,0.07,0.01,100,1000,1,1
3/23/2020,ID-BA,Bali,0,0,0,0,2,2,3,-3,Province,Bali,Indonesia,Asia,Nusa Tenggara,UTC+08:00,8,1,57,80,636,5780,4216171,729.43,115.1317136,-8.369471688,0,0.47,0.47,0.05,100,150,1,1
3/23/2020,ID-JK,DKI Jakarta,0,0,0,0,83,41,94,-52,Province,DKI Jakarta,Indonesia,Asia,Jawa,UTC+07:00,1,5,44,267,0,664,10846145,16334.31,106.8361183,-6.204698991,0,7.65,3.78,0.38,49.3976,113.25,0,1
3/23/2020,ID-YO,Daerah Istimewa Yogyakarta,0,1,0,-1,2,1,3,-2,Province,Daerah Istimewa Yogyakarta,Indonesia,Asia,Jawa,UTC+07:00,4,1,78,46,392,3133,3631015,1158.9,110.4448783,-7.89450185,0,0.55,0.28,0.03,50,150,1,0
3/23/2020,IDN,Indonesia,65,1,1,63,579,49,30,500,Country,N/A,Indonesia,Asia,N/A,N/A,416,98,7230,8488,74953,1916907,265185520,138.34,113.921327,-0.789275,0.25,2.18,0.18,0.02,8.46287,5.18,1.02,0.1
3/23/2020,ID-JB,Jawa Barat,6,4,0,2,59,15,69,-25,Province,Jawa Barat,Indonesia,Asia,Jawa,UTC+07:00,18,9,627,645,5312,35378,45161325,1276.55,107.6037083,-6.920432083,0.13,1.31,0.33,0.03,25.4237,116.95,2,1.33
3/23/2020,ID-JT,Jawa Tengah,3,0,0,3,22,13,17,-8,Province,Jawa Tengah,Indonesia,Asia,Jawa,UTC+07:00,29,6,576,753,7809,32801,36364072,1108.64,110.2011149,-7.259097177,0.08,0.6,0.36,0.04,59.0909,77.27,3,1
3/23/2020,ID-JI,Jawa Timur,2,1,0,1,55,35,337,-317,Province,Jawa Timur,Indonesia,Asia,Jawa,UTC+07:00,29,9,666,777,7724,47803,40479023,846.78,112.7329414,-7.723345579,0.05,1.36,0.86,0.09,63.6364,612.73,0.14,0
3/23/2020,ID-MA,Maluku,0,0,0,0,1,1,1,-1,Province,Maluku,Indonesia,Asia,Maluku,UTC+09:00,9,2,118,35,1198,46914,1847097,39.37,129.576792,-3.192572,0,0.54,0.54,0.05,100,100,0,1
3/23/2020,ID-PA,Papua,0,0,0,0,2,1,2,-1,Province,Papua,Indonesia,Asia,Papua,UTC+09:00,28,1,560,110,5411,319036,4340348,13.6,138.69603,-4.66620953,0,0.46,0.23,0.02,50,100,0,1
3/23/2020,ID-SN,Sulawesi Selatan,0,1,0,-1,2,1,5,-4,Province,Sulawesi Selatan,Indonesia,Asia,Sulawesi,UTC+08:00,21,3,311,792,2255,46717,9426885,201.78,120.1620559,-3.731080714,0,0.21,0.11,0.01,50,250,1,0
3/23/2020,ID-SU,Sumatera Utara,0,0,0,0,1,1,10,-10,Province,Sumatera Utara,Indonesia,Asia,Sumatera,UTC+07:00,25,8,450,693,5417,72981,14874889,203.82,99.05196442,2.191894453,0,0.07,0.07,0.01,100,1000,1,1
3/24/2020,ID-BA,Bali,0,0,0,0,2,2,3,-3,Province,Bali,Indonesia,Asia,Nusa Tenggara,UTC+08:00,8,1,57,80,636,5780,4216171,729.43,115.1317136,-8.369471688,0,0.47,0.47,0.05,100,150,1,1
3/24/2020,ID-JK,DKI Jakarta,16,19,3,-6,99,60,97,-58,Province,DKI Jakarta,Indonesia,Asia,Jawa,UTC+07:00,1,5,44,267,0,664,10846145,16334.31,106.8361183,-6.204698991,1.48,9.13,5.53,0.55,60.6061,97.98,0,0
3/24/2020,ID-YO,Daerah Istimewa Yogyakarta,0,0,0,0,2,1,3,-2,Province,Daerah Istimewa Yogyakarta,Indonesia,Asia,Jawa,UTC+07:00,4,1,78,46,392,3133,3631015,1158.9,110.4448783,-7.89450185,0,0.55,0.28,0.03,50,150,1,0
3/24/2020,IDN,Indonesia,106,6,0,100,685,55,30,600,Country,N/A,Indonesia,Asia,N/A,N/A,416,98,7230,8488,74953,1916907,265185520,138.34,113.921327,-0.789275,0.4,2.58,0.21,0.02,8.0292,4.38,1.63,6
3/24/2020,ID-JB,Jawa Barat,2,2,2,-2,61,17,71,-27,Province,Jawa Barat,Indonesia,Asia,Jawa,UTC+07:00,18,9,627,645,5312,35378,45161325,1276.55,107.6037083,-6.920432083,0.04,1.35,0.38,0.04,27.8689,116.39,0.33,0.5
3/24/2020,ID-JT,Jawa Tengah,3,1,1,1,25,14,18,-7,Province,Jawa Tengah,Indonesia,Asia,Jawa,UTC+07:00,29,6,576,753,7809,32801,36364072,1108.64,110.2011149,-7.259097177,0.08,0.69,0.38,0.04,56,72,1,0
3/24/2020,ID-JI,Jawa Timur,3,1,0,2,58,36,337,-315,Province,Jawa Timur,Indonesia,Asia,Jawa,UTC+07:00,29,9,666,777,7724,47803,40479023,846.78,112.7329414,-7.723345579,0.07,1.43,0.89,0.09,62.069,581.03,1.5,1
3/24/2020,ID-MA,Maluku,0,0,0,0,1,1,1,-1,Province,Maluku,Indonesia,Asia,Maluku,UTC+09:00,9,2,118,35,1198,46914,1847097,39.37,129.576792,-3.192572,0,0.54,0.54,0.05,100,100,1,1
3/24/2020,ID-PA,Papua,0,0,0,0,2,1,2,-1,Province,Papua,Indonesia,Asia,Papua,UTC+09:00,28,1,560,110,5411,319036,4340348,13.6,138.69603,-4.66620953,0,0.46,0.23,0.02,50,100,1,1
3/24/2020,ID-SN,Sulawesi Selatan,2,0,0,2,4,1,5,-2,Province,Sulawesi Selatan,Indonesia,Asia,Sulawesi,UTC+08:00,21,3,311,792,2255,46717,9426885,201.78,120.1620559,-3.731080714,0.21,0.42,0.11,0.01,25,125,0,0
3/24/2020,ID-SU,Sumatera Utara,0,0,0,0,1,1,10,-10,Province,Sumatera Utara,Indonesia,Asia,Sumatera,UTC+07:00,25,8,450,693,5417,72981,14874889,203.82,99.05196442,2.191894453,0,0.07,0.07,0.01,100,1000,1,1
3/25/2020,ID-BA,Bali,0,0,0,0,2,2,3,-3,Province,Bali,Indonesia,Asia,Nusa Tenggara,UTC+08:00,8,1,57,80,636,5780,4216171,729.43,115.1317136,-8.369471688,0,0.47,0.47,0.05,100,150,1,1
3/25/2020,ID-JK,DKI Jakarta,1,1,0,0,100,61,97,-58,Province,DKI Jakarta,Indonesia,Asia,Jawa,UTC+07:00,1,5,44,267,0,664,10846145,16334.31,106.8361183,-6.204698991,0.09,9.22,5.62,0.56,61,97,0.06,0.05
3/25/2020,ID-YO,Daerah Istimewa Yogyakarta,1,1,0,0,3,2,3,-2,Province,Daerah Istimewa Yogyakarta,Indonesia,Asia,Jawa,UTC+07:00,4,1,78,46,392,3133,3631015,1158.9,110.4448783,-7.89450185,0.28,0.83,0.55,0.06,66.6667,100,0,0
3/25/2020,IDN,Indonesia,105,3,1,101,790,58,31,701,Country,N/A,Indonesia,Asia,N/A,N/A,416,98,7230,8488,74953,1916907,265185520,138.34,113.921327,-0.789275,0.4,2.98,0.22,0.02,7.34177,3.92,0.99,0.5
3/25/2020,ID-JB,Jawa Barat,5,0,1,4,66,17,72,-23,Province,Jawa Barat,Indonesia,Asia,Jawa,UTC+07:00,18,9,627,645,5312,35378,45161325,1276.55,107.6037083,-6.920432083,0.11,1.46,0.38,0.04,25.7576,109.09,2.5,0
3/25/2020,ID-JT,Jawa Tengah,23,1,1,21,48,15,19,14,Province,Jawa Tengah,Indonesia,Asia,Jawa,UTC+07:00,29,6,576,753,7809,32801,36364072,1108.64,110.2011149,-7.259097177,0.63,1.32,0.41,0.04,31.25,39.58,7.67,1
3/25/2020,ID-JI,Jawa Timur,9,0,1,8,67,36,338,-307,Province,Jawa Timur,Indonesia,Asia,Jawa,UTC+07:00,29,9,666,777,7724,47803,40479023,846.78,112.7329414,-7.723345579,0.22,1.66,0.89,0.09,53.7313,504.48,3,0
3/25/2020,ID-MA,Maluku,0,0,0,0,1,1,1,-1,Province,Maluku,Indonesia,Asia,Maluku,UTC+09:00,9,2,118,35,1198,46914,1847097,39.37,129.576792,-3.192572,0,0.54,0.54,0.05,100,100,1,1
3/25/2020,ID-PA,Papua,0,0,0,0,2,1,2,-1,Province,Papua,Indonesia,Asia,Papua,UTC+09:00,28,1,560,110,5411,319036,4340348,13.6,138.69603,-4.66620953,0,0.46,0.23,0.02,50,100,1,1
3/25/2020,ID-SN,Sulawesi Selatan,9,0,0,9,13,1,5,7,Province,Sulawesi Selatan,Indonesia,Asia,Sulawesi,UTC+08:00,21,3,311,792,2255,46717,9426885,201.78,120.1620559,-3.731080714,0.95,1.38,0.11,0.01,7.69231,38.46,4.5,1
3/25/2020,ID-SU,Sumatera Utara,0,0,0,0,1,1,10,-10,Province,Sumatera Utara,Indonesia,Asia,Sumatera,UTC+07:00,25,8,450,693,5417,72981,14874889,203.82,99.05196442,2.191894453,0,0.07,0.07,0.01,100,1000,1,1
3/26/2020,ID-BA,Bali,0,0,0,0,2,2,3,-3,Province,Bali,Indonesia,Asia,Nusa Tenggara,UTC+08:00,8,1,57,80,636,5780,4216171,729.43,115.1317136,-8.369471688,0,0.47,0.47,0.05,100,150,1,1
3/26/2020,ID-JK,DKI Jakarta,57,2,0,55,157,63,97,-3,Province,DKI Jakarta,Indonesia,Asia,Jawa,UTC+07:00,1,5,44,267,0,664,10846145,16334.31,106.8361183,-6.204698991,5.26,14.48,5.81,0.58,40.1274,61.78,57,2
3/26/2020,ID-YO,Daerah Istimewa Yogyakarta,0,0,0,0,3,2,3,-2,Province,Daerah Istimewa Yogyakarta,Indonesia,Asia,Jawa,UTC+07:00,4,1,78,46,392,3133,3631015,1158.9,110.4448783,-7.89450185,0,0.83,0.55,0.06,66.6667,100,0,0
3/26/2020,IDN,Indonesia,103,20,4,79,893,78,35,780,Country,N/A,Indonesia,Asia,N/A,N/A,416,98,7230,8488,74953,1916907,265185520,138.34,113.921327,-0.789275,0.39,3.37,0.29,0.03,8.7346,3.92,0.98,6.67
3/26/2020,ID-JB,Jawa Barat,5,1,0,4,71,18,72,-19,Province,Jawa Barat,Indonesia,Asia,Jawa,UTC+07:00,18,9,627,645,5312,35378,45161325,1276.55,107.6037083,-6.920432083,0.11,1.57,0.4,0.04,25.3521,101.41,1,0
3/26/2020,ID-JT,Jawa Tengah,4,0,1,3,52,15,20,17,Province,Jawa Tengah,Indonesia,Asia,Jawa,UTC+07:00,29,6,576,753,7809,32801,36364072,1108.64,110.2011149,-7.259097177,0.11,1.43,0.41,0.04,28.8462,38.46,0.17,0
3/26/2020,ID-JI,Jawa Timur,13,1,0,12,80,37,338,-295,Province,Jawa Timur,Indonesia,Asia,Jawa,UTC+07:00,29,9,666,777,7724,47803,40479023,846.78,112.7329414,-7.723345579,0.32,1.98,0.91,0.09,46.25,422.5,1.44,0
3/26/2020,ID-MA,Maluku,0,0,0,0,1,1,1,-1,Province,Maluku,Indonesia,Asia,Maluku,UTC+09:00,9,2,118,35,1198,46914,1847097,39.37,129.576792,-3.192572,0,0.54,0.54,0.05,100,100,1,1
3/26/2020,ID-PA,Papua,4,0,0,4,6,1,2,3,Province,Papua,Indonesia,Asia,Papua,UTC+09:00,28,1,560,110,5411,319036,4340348,13.6,138.69603,-4.66620953,0.92,1.38,0.23,0.02,16.6667,33.33,0,1
3/26/2020,ID-SN,Sulawesi Selatan,14,0,0,14,27,1,5,21,Province,Sulawesi Selatan,Indonesia,Asia,Sulawesi,UTC+08:00,21,3,311,792,2255,46717,9426885,201.78,120.1620559,-3.731080714,1.49,2.86,0.11,0.01,3.7037,18.52,1.56,1
3/26/2020,ID-SA,Sulawesi Utara,1,0,1,0,1,1,5,-5,Province,Sulawesi Utara,Indonesia,Asia,Sulawesi,UTC+08:00,11,4,171,332,1507,13892,2641884,190.17,124.5212396,1.259638212,0.38,0.38,0.38,0.04,100,500,0,0
3/26/2020,ID-SU,Sumatera Utara,0,0,0,0,1,1,10,-10,Province,Sumatera Utara,Indonesia,Asia,Sumatera,UTC+07:00,25,8,450,693,5417,72981,14874889,203.82,99.05196442,2.191894453,0,0.07,0.07,0.01,100,1000,1,1
3/27/2020,ID-BA,Bali,0,0,0,0,2,2,3,-3,Province,Bali,Indonesia,Asia,Nusa Tenggara,UTC+08:00,8,1,57,80,636,5780,4216171,729.43,115.1317136,-8.369471688,0,0.47,0.47,0.05,100,150,1,1
3/27/2020,ID-BT,Banten,25,2,3,20,31,21,171,-161,Province,Banten,Indonesia,Asia,Jawa,UTC+07:00,4,4,155,313,1238,9663,10722374,1109.64,106.1090043,-6.456736388,2.33,2.89,1.96,0.2,67.7419,551.61,0,0
3/27/2020,ID-JK,DKI Jakarta,74,7,6,61,231,70,103,58,Province,DKI Jakarta,Indonesia,Asia,Jawa,UTC+07:00,1,5,44,267,0,664,10846145,16334.31,106.8361183,-6.204698991,6.82,21.3,6.45,0.65,30.303,44.59,1.3,3.5
3/27/2020,ID-YO,Daerah Istimewa Yogyakarta,1,0,0,1,4,2,3,-1,Province,Daerah Istimewa Yogyakarta,Indonesia,Asia,Jawa,UTC+07:00,4,1,78,46,392,3133,3631015,1158.9,110.4448783,-7.89450185,0.28,1.1,0.55,0.06,50,75,0,1
3/27/2020,IDN,Indonesia,153,9,11,133,1046,87,46,913,Country,N/A,Indonesia,Asia,N/A,N/A,416,98,7230,8488,74953,1916907,265185520,138.34,113.921327,-0.789275,0.58,3.94,0.33,0.03,8.3174,4.4,1.49,0.45
3/27/2020,ID-JB,Jawa Barat,16,3,1,12,87,21,73,-7,Province,Jawa Barat,Indonesia,Asia,Jawa,UTC+07:00,18,9,627,645,5312,35378,45161325,1276.55,107.6037083,-6.920432083,0.35,1.93,0.46,0.05,24.1379,83.91,3.2,3
3/27/2020,ID-JT,Jawa Tengah,8,1,1,6,60,16,21,23,Province,Jawa Tengah,Indonesia,Asia,Jawa,UTC+07:00,29,6,576,753,7809,32801,36364072,1108.64,110.2011149,-7.259097177,0.22,1.65,0.44,0.04,26.6667,35,2,0
3/27/2020,ID-JI,Jawa Timur,3,1,0,2,83,38,338,-293,Province,Jawa Timur,Indonesia,Asia,Jawa,UTC+07:00,29,9,666,777,7724,47803,40479023,846.78,112.7329414,-7.723345579,0.07,2.05,0.94,0.09,45.7831,407.23,0.23,1
3/27/2020,ID-MA,Maluku,0,0,0,0,1,1,1,-1,Province,Maluku,Indonesia,Asia,Maluku,UTC+09:00,9,2,118,35,1198,46914,1847097,39.37,129.576792,-3.192572,0,0.54,0.54,0.05,100,100,1,1
3/27/2020,ID-PA,Papua,0,0,0,0,6,1,2,3,Province,Papua,Indonesia,Asia,Papua,UTC+09:00,28,1,560,110,5411,319036,4340348,13.6,138.69603,-4.66620953,0,1.38,0.23,0.02,16.6667,33.33,0,1
3/27/2020,ID-PB,Papua Barat,2,0,0,2,2,1,1,0,Province,Papua Barat,Indonesia,Asia,Papua,UTC+09:00,12,1,218,95,1742,102955,1140701,11.08,132.9762624,-2.045160182,1.75,1.75,0.88,0.09,50,50,0,0
3/27/2020,ID-SN,Sulawesi Selatan,2,0,0,2,29,1,5,23,Province,Sulawesi Selatan,Indonesia,Asia,Sulawesi,UTC+08:00,21,3,311,792,2255,46717,9426885,201.78,120.1620559,-3.731080714,0.21,3.08,0.11,0.01,3.44828,17.24,0.14,1
3/27/2020,ID-SA,Sulawesi Utara,0,0,0,0,1,1,5,-5,Province,Sulawesi Utara,Indonesia,Asia,Sulawesi,UTC+08:00,11,4,171,332,1507,13892,2641884,190.17,124.5212396,1.259638212,0,0.38,0.38,0.04,100,500,0,1
3/28/2020,ID-BA,Bali,0,0,0,0,2,2,3,-3,Province,Bali,Indonesia,Asia,Nusa Tenggara,UTC+08:00,8,1,57,80,636,5780,4216171,729.43,115.1317136,-8.369471688,0,0.47,0.47,0.05,100,150,1,1
3/28/2020,ID-BT,Banten,10,2,7,1,41,23,178,-160,Province,Banten,Indonesia,Asia,Jawa,UTC+07:00,4,4,155,313,1238,9663,10722374,1109.64,106.1090043,-6.456736388,0.93,3.82,2.15,0.21,56.0976,434.15,0.4,1
3/28/2020,ID-JK,DKI Jakarta,48,9,9,30,279,79,112,88,Province,DKI Jakarta,Indonesia,Asia,Jawa,UTC+07:00,1,5,44,267,0,664,10846145,16334.31,106.8361183,-6.204698991,4.43,25.72,7.28,0.73,28.3154,40.14,0.65,1.29
3/28/2020,ID-YO,Daerah Istimewa Yogyakarta,0,0,0,0,4,2,3,-1,Province,Daerah Istimewa Yogyakarta,Indonesia,Asia,Jawa,UTC+07:00,4,1,78,46,392,3133,3631015,1158.9,110.4448783,-7.89450185,0,1.1,0.55,0.06,50,75,0,1
3/28/2020,IDN,Indonesia,109,15,13,81,1155,102,59,994,Country,N/A,Indonesia,Asia,N/A,N/A,416,98,7230,8488,74953,1916907,265185520,138.34,113.921327,-0.789275,0.41,4.36,0.38,0.04,8.83117,5.11,0.71,1.67
3/28/2020,ID-JB,Jawa Barat,19,3,1,15,106,24,74,8,Province,Jawa Barat,Indonesia,Asia,Jawa,UTC+07:00,18,9,627,645,5312,35378,45161325,1276.55,107.6037083,-6.920432083,0.42,2.35,0.53,0.05,22.6415,69.81,1.19,1
3/28/2020,ID-JT,Jawa Tengah,15,2,2,11,75,18,23,34,Province,Jawa Tengah,Indonesia,Asia,Jawa,UTC+07:00,29,6,576,753,7809,32801,36364072,1108.64,110.2011149,-7.259097177,0.41,2.06,0.49,0.05,24,30.67,1.88,2
3/28/2020,ID-JI,Jawa Timur,14,2,2,10,97,40,340,-283,Province,Jawa Timur,Indonesia,Asia,Jawa,UTC+07:00,29,9,666,777,7724,47803,40479023,846.78,112.7329414,-7.723345579,0.35,2.4,0.99,0.1,41.2371,350.52,4.67,2
3/28/2020,ID-KR,Kepulauan Riau,1,0,2,-1,2,1,2,-1,Province,Kepulauan Riau,Indonesia,Asia,Sumatera,UTC+07:00,5,2,75,142,275,8202,1929400,235.24,108.261746,3.916346,0.52,1.04,0.52,0.05,50,100,0,1
3/28/2020,ID-MA,Maluku,0,0,0,0,1,1,1,-1,Province,Maluku,Indonesia,Asia,Maluku,UTC+09:00,9,2,118,35,1198,46914,1847097,39.37,129.576792,-3.192572,0,0.54,0.54,0.05,100,100,1,1
3/28/2020,ID-PA,Papua,0,0,0,0,6,1,2,3,Province,Papua,Indonesia,Asia,Papua,UTC+09:00,28,1,560,110,5411,319036,4340348,13.6,138.69603,-4.66620953,0,1.38,0.23,0.02,16.6667,33.33,1,1
3/28/2020,ID-PB,Papua Barat,0,0,0,0,2,1,1,0,Province,Papua Barat,Indonesia,Asia,Papua,UTC+09:00,12,1,218,95,1742,102955,1140701,11.08,132.9762624,-2.045160182,0,1.75,0.88,0.09,50,50,0,1
3/28/2020,ID-SN,Sulawesi Selatan,3,0,0,3,32,1,5,26,Province,Sulawesi Selatan,Indonesia,Asia,Sulawesi,UTC+08:00,21,3,311,792,2255,46717,9426885,201.78,120.1620559,-3.731080714,0.32,3.39,0.11,0.01,3.125,15.63,1.5,1
3/28/2020,ID-SA,Sulawesi Utara,0,0,0,0,1,1,5,-5,Province,Sulawesi Utara,Indonesia,Asia,Sulawesi,UTC+08:00,11,4,171,332,1507,13892,2641884,190.17,124.5212396,1.259638212,0,0.38,0.38,0.04,100,500,1,1
3/28/2020,ID-SS,Sumatera Selatan,1,0,0,1,2,2,1,-1,Province,Sumatera Selatan,Indonesia,Asia,Sumatera,UTC+07:00,13,4,241,387,2853,91592,8217551,89.72,104.1694647,-3.216211808,0.12,0.24,0.24,0.02,100,50,0,1
3/29/2020,ID-BA,Bali,1,0,0,1,3,2,3,-2,Province,Bali,Indonesia,Asia,Nusa Tenggara,UTC+08:00,8,1,57,80,636,5780,4216171,729.43,115.1317136,-8.369471688,0.24,0.71,0.47,0.05,66.6667,100,0,1
3/29/2020,ID-BT,Banten,2,2,2,-2,43,25,180,-162,Province,Banten,Indonesia,Asia,Jawa,UTC+07:00,4,4,155,313,1238,9663,10722374,1109.64,106.1090043,-6.456736388,0.19,4.01,2.33,0.23,58.1395,418.6,0.2,1
3/29/2020,ID-JK,DKI Jakarta,52,10,0,42,331,89,112,130,Province,DKI Jakarta,Indonesia,Asia,Jawa,UTC+07:00,1,5,44,267,0,664,10846145,16334.31,106.8361183,-6.204698991,4.79,30.52,8.21,0.82,26.8882,33.84,1.08,1.11
3/29/2020,ID-YO,Daerah Istimewa Yogyakarta,0,0,0,0,4,2,3,-1,Province,Daerah Istimewa Yogyakarta,Indonesia,Asia,Jawa,UTC+07:00,4,1,78,46,392,3133,3631015,1158.9,110.4448783,-7.89450185,0,1.1,0.55,0.06,50,75,1,1
3/29/2020,IDN,Indonesia,130,12,5,113,1285,114,64,1107,Country,N/A,Indonesia,Asia,N/A,N/A,416,98,7230,8488,74953,1916907,265185520,138.34,113.921327,-0.789275,0.49,4.85,0.43,0.04,8.8716,4.98,1.19,0.8
3/29/2020,ID-JB,Jawa Barat,27,3,3,21,133,27,77,29,Province,Jawa Barat,Indonesia,Asia,Jawa,UTC+07:00,18,9,627,645,5312,35378,45161325,1276.55,107.6037083,-6.920432083,0.6,2.94,0.6,0.06,20.3008,57.89,1.42,1
3/29/2020,ID-JT,Jawa Tengah,11,3,0,8,86,21,23,42,Province,Jawa Tengah,Indonesia,Asia,Jawa,UTC+07:00,29,6,576,753,7809,32801,36364072,1108.64,110.2011149,-7.259097177,0.3,2.36,0.58,0.06,24.4186,26.74,0.73,1.5
3/29/2020,ID-JI,Jawa Timur,12,1,28,-17,109,41,368,-300,Province,Jawa Timur,Indonesia,Asia,Jawa,UTC+07:00,29,9,666,777,7724,47803,40479023,846.78,112.7329414,-7.723345579,0.3,2.69,1.01,0.1,37.6147,337.61,0.86,0.5
3/29/2020,ID-KB,Kalimantan Barat,7,0,2,5,7,2,3,2,Province,Kalimantan Barat,Indonesia,Asia,Kalimantan,UTC+07:00,12,2,174,99,2031,147307,5422814,36.81,111.1211776,-0.086474572,1.29,1.29,0.37,0.04,28.5714,42.86,0,0
3/29/2020,ID-KR,Kepulauan Riau,0,0,0,0,2,1,2,-1,Province,Kepulauan Riau,Indonesia,Asia,Sumatera,UTC+07:00,5,2,75,142,275,8202,1929400,235.24,108.261746,3.916346,0,1.04,0.52,0.05,50,100,0,1
3/29/2020,ID-MA,Maluku,0,0,0,0,1,1,1,-1,Province,Maluku,Indonesia,Asia,Maluku,UTC+09:00,9,2,118,35,1198,46914,1847097,39.37,129.576792,-3.192572,0,0.54,0.54,0.05,100,100,1,1
3/29/2020,ID-PA,Papua,2,0,0,2,8,1,2,5,Province,Papua,Indonesia,Asia,Papua,UTC+09:00,28,1,560,110,5411,319036,4340348,13.6,138.69603,-4.66620953,0.46,1.84,0.23,0.02,12.5,25,0,1
3/29/2020,ID-PB,Papua Barat,0,0,0,0,2,1,1,0,Province,Papua Barat,Indonesia,Asia,Papua,UTC+09:00,12,1,218,95,1742,102955,1140701,11.08,132.9762624,-2.045160182,0,1.75,0.88,0.09,50,50,1,1
3/29/2020,ID-SN,Sulawesi Selatan,15,0,0,15,47,1,5,41,Province,Sulawesi Selatan,Indonesia,Asia,Sulawesi,UTC+08:00,21,3,311,792,2255,46717,9426885,201.78,120.1620559,-3.731080714,1.59,4.99,0.11,0.01,2.12766,10.64,5,1
3/29/2020,ID-SA,Sulawesi Utara,0,0,0,0,1,1,5,-5,Province,Sulawesi Utara,Indonesia,Asia,Sulawesi,UTC+08:00,11,4,171,332,1507,13892,2641884,190.17,124.5212396,1.259638212,0,0.38,0.38,0.04,100,500,1,1
3/29/2020,ID-SS,Sumatera Selatan,0,0,0,0,2,2,1,-1,Province,Sumatera Selatan,Indonesia,Asia,Sumatera,UTC+07:00,13,4,241,387,2853,91592,8217551,89.72,104.1694647,-3.216211808,0,0.24,0.24,0.02,100,50,0,1
3/30/2020,ID-BA,Bali,9,0,0,9,12,2,3,7,Province,Bali,Indonesia,Asia,Nusa Tenggara,UTC+08:00,8,1,57,80,636,5780,4216171,729.43,115.1317136,-8.369471688,2.13,2.85,0.47,0.05,16.6667,25,9,1
3/30/2020,ID-BT,Banten,22,0,3,19,65,25,183,-143,Province,Banten,Indonesia,Asia,Jawa,UTC+07:00,4,4,155,313,1238,9663,10722374,1109.64,106.1090043,-6.456736388,2.05,6.06,2.33,0.23,38.4615,281.54,11,0
3/30/2020,ID-JK,DKI Jakarta,33,7,0,26,364,96,112,156,Province,DKI Jakarta,Indonesia,Asia,Jawa,UTC+07:00,1,5,44,267,0,664,10846145,16334.31,106.8361183,-6.204698991,3.04,33.56,8.85,0.89,26.3736,30.77,0.63,0.7
3/30/2020,ID-YO,Daerah Istimewa Yogyakarta,2,0,1,1,6,2,4,0,Province,Daerah Istimewa Yogyakarta,Indonesia,Asia,Jawa,UTC+07:00,4,1,78,46,392,3133,3631015,1158.9,110.4448783,-7.89450185,0.55,1.65,0.55,0.06,33.3333,66.67,0,1
3/30/2020,IDN,Indonesia,129,8,11,110,1414,122,75,1217,Country,N/A,Indonesia,Asia,N/A,N/A,416,98,7230,8488,74953,1916907,265185520,138.34,113.921327,-0.789275,0.49,5.33,0.46,0.05,8.62801,5.3,0.99,0.67
3/30/2020,ID-JB,Jawa Barat,19,3,5,11,152,30,82,40,Province,Jawa Barat,Indonesia,Asia,Jawa,UTC+07:00,18,9,627,645,5312,35378,45161325,1276.55,107.6037083,-6.920432083,0.42,3.37,0.66,0.07,19.7368,53.95,0.7,1
3/30/2020,ID-JT,Jawa Tengah,17,1,1,15,103,22,24,57,Province,Jawa Tengah,Indonesia,Asia,Jawa,UTC+07:00,29,6,576,753,7809,32801,36364072,1108.64,110.2011149,-7.259097177,0.47,2.83,0.6,0.06,21.3592,23.3,1.55,0.33
3/30/2020,ID-JI,Jawa Timur,7,2,0,5,116,43,368,-295,Province,Jawa Timur,Indonesia,Asia,Jawa,UTC+07:00,29,9,666,777,7724,47803,40479023,846.78,112.7329414,-7.723345579,0.17,2.87,1.06,0.11,37.069,317.24,0.58,2
3/30/2020,ID-KB,Kalimantan Barat,1,0,0,1,8,2,3,3,Province,Kalimantan Barat,Indonesia,Asia,Kalimantan,UTC+07:00,12,2,174,99,2031,147307,5422814,36.81,111.1211776,-0.086474572,0.18,1.48,0.37,0.04,25,37.5,0.14,1
3/30/2020,ID-KR,Kepulauan Riau,2,2,0,0,4,3,2,-1,Province,Kepulauan Riau,Indonesia,Asia,Sumatera,UTC+07:00,5,2,75,142,275,8202,1929400,235.24,108.261746,3.916346,1.04,2.07,1.55,0.16,75,50,0,0
3/30/2020,ID-MA,Maluku,0,0,0,0,1,1,1,-1,Province,Maluku,Indonesia,Asia,Maluku,UTC+09:00,9,2,118,35,1198,46914,1847097,39.37,129.576792,-3.192572,0,0.54,0.54,0.05,100,100,1,1
3/30/2020,ID-PA,Papua,0,0,0,0,8,1,2,5,Province,Papua,Indonesia,Asia,Papua,UTC+09:00,28,1,560,110,5411,319036,4340348,13.6,138.69603,-4.66620953,0,1.84,0.23,0.02,12.5,25,0,1
3/30/2020,ID-PB,Papua Barat,0,0,0,0,2,1,1,0,Province,Papua Barat,Indonesia,Asia,Papua,UTC+09:00,12,1,218,95,1742,102955,1140701,11.08,132.9762624,-2.045160182,0,1.75,0.88,0.09,50,50,1,1
3/30/2020,ID-SN,Sulawesi Selatan,4,2,0,2,51,3,5,43,Province,Sulawesi Selatan,Indonesia,Asia,Sulawesi,UTC+08:00,21,3,311,792,2255,46717,9426885,201.78,120.1620559,-3.731080714,0.42,5.41,0.32,0.03,5.88235,9.8,0.27,0
3/30/2020,ID-SA,Sulawesi Utara,0,0,0,0,1,1,5,-5,Province,Sulawesi Utara,Indonesia,Asia,Sulawesi,UTC+08:00,11,4,171,332,1507,13892,2641884,190.17,124.5212396,1.259638212,0,0.38,0.38,0.04,100,500,1,1
3/30/2020,ID-SS,Sumatera Selatan,0,0,0,0,2,2,1,-1,Province,Sumatera Selatan,Indonesia,Asia,Sumatera,UTC+07:00,13,4,241,387,2853,91592,8217551,89.72,104.1694647,-3.216211808,0,0.24,0.24,0.02,100,50,1,1
3/30/2020,ID-SU,Sumatera Utara,6,0,0,6,7,2,10,-5,Province,Sumatera Utara,Indonesia,Asia,Sumatera,UTC+07:00,25,8,450,693,5417,72981,14874889,203.82,99.05196442,2.191894453,0.4,0.47,0.13,0.01,28.5714,142.86,0,1
3/31/2020,ID-BA,Bali,0,0,1,-1,12,2,4,6,Province,Bali,Indonesia,Asia,Nusa Tenggara,UTC+08:00,8,1,57,80,636,5780,4216171,729.43,115.1317136,-8.369471688,0,2.85,0.47,0.05,16.6667,33.33,0,1
3/31/2020,ID-BT,Banten,14,2,1,11,79,27,184,-132,Province,Banten,Indonesia,Asia,Jawa,UTC+07:00,4,4,155,313,1238,9663,10722374,1109.64,106.1090043,-6.456736388,1.31,7.37,2.52,0.25,34.1772,232.91,0.64,0
3/31/2020,ID-JK,DKI Jakarta,44,10,0,34,408,106,112,190,Province,DKI Jakarta,Indonesia,Asia,Jawa,UTC+07:00,1,5,44,267,0,664,10846145,16334.31,106.8361183,-6.204698991,4.06,37.62,9.77,0.98,25.9804,27.45,1.33,1.43
3/31/2020,ID-YO,Daerah Istimewa Yogyakarta,5,0,0,5,11,2,4,5,Province,Daerah Istimewa Yogyakarta,Indonesia,Asia,Jawa,UTC+07:00,4,1,78,46,392,3133,3631015,1158.9,110.4448783,-7.89450185,1.38,3.03,0.55,0.06,18.1818,36.36,2.5,1
3/31/2020,IDN,Indonesia,114,14,6,94,1528,136,81,1311,Country,N/A,Indonesia,Asia,N/A,N/A,416,98,7230,8488,74953,1916907,265185520,138.34,113.921327,-0.789275,0.43,5.76,0.51,0.05,8.90052,5.3,0.88,1.75
3/31/2020,ID-JB,Jawa Barat,7,0,3,4,159,30,85,44,Province,Jawa Barat,Indonesia,Asia,Jawa,UTC+07:00,18,9,627,645,5312,35378,45161325,1276.55,107.6037083,-6.920432083,0.15,3.52,0.66,0.07,18.8679,53.46,0.37,0
3/31/2020,ID-JT,Jawa Tengah,15,2,0,13,118,24,24,70,Province,Jawa Tengah,Indonesia,Asia,Jawa,UTC+07:00,29,6,576,753,7809,32801,36364072,1108.64,110.2011149,-7.259097177,0.41,3.24,0.66,0.07,20.339,20.34,0.88,2
3/31/2020,ID-JI,Jawa Timur,1,0,0,1,117,43,368,-294,Province,Jawa Timur,Indonesia,Asia,Jawa,UTC+07:00,29,9,666,777,7724,47803,40479023,846.78,112.7329414,-7.723345579,0.02,2.89,1.06,0.11,36.7521,314.53,0.14,0
3/31/2020,ID-KB,Kalimantan Barat,0,0,0,0,8,2,3,3,Province,Kalimantan Barat,Indonesia,Asia,Kalimantan,UTC+07:00,12,2,174,99,2031,147307,5422814,36.81,111.1211776,-0.086474572,0,1.48,0.37,0.04,25,37.5,0,1
3/31/2020,ID-KT,Kalimantan Tengah,4,0,2,2,7,2,41,-36,Province,Kalimantan Tengah,Indonesia,Asia,Kalimantan,UTC+07:00,13,1,136,139,1432,153565,2570289,16.74,113.4176536,-1.602484653,1.56,2.72,0.78,0.08,28.5714,585.71,0,1
3/31/2020,ID-KI,Kalimantan Timur,3,1,0,2,16,1,3,12,Province,Kalimantan Timur,Indonesia,Asia,Kalimantan,UTC+08:00,7,3,103,197,841,129067,3552191,27.52,116.4684405,0.45385803,0.84,4.5,0.28,0.03,6.25,18.75,0,0
3/31/2020,ID-KR,Kepulauan Riau,1,0,0,1,5,3,2,0,Province,Kepulauan Riau,Indonesia,Asia,Sumatera,UTC+07:00,5,2,75,142,275,8202,1929400,235.24,108.261746,3.916346,0.52,2.59,1.55,0.16,60,40,0.5,0
3/31/2020,ID-MA,Maluku,0,0,0,0,1,1,1,-1,Province,Maluku,Indonesia,Asia,Maluku,UTC+09:00,9,2,118,35,1198,46914,1847097,39.37,129.576792,-3.192572,0,0.54,0.54,0.05,100,100,1,1
3/31/2020,ID-PA,Papua,1,0,1,0,9,1,3,5,Province,Papua,Indonesia,Asia,Papua,UTC+09:00,28,1,560,110,5411,319036,4340348,13.6,138.69603,-4.66620953,0.23,2.07,0.23,0.02,11.1111,33.33,0,1
3/31/2020,ID-PB,Papua Barat,0,0,0,0,2,1,1,0,Province,Papua Barat,Indonesia,Asia,Papua,UTC+09:00,12,1,218,95,1742,102955,1140701,11.08,132.9762624,-2.045160182,0,1.75,0.88,0.09,50,50,1,1
3/31/2020,ID-SN,Sulawesi Selatan,0,1,0,-1,51,4,5,42,Province,Sulawesi Selatan,Indonesia,Asia,Sulawesi,UTC+08:00,21,3,311,792,2255,46717,9426885,201.78,120.1620559,-3.731080714,0,5.41,0.42,0.04,7.84314,9.8,0,0.5
3/31/2020,ID-SA,Sulawesi Utara,0,0,0,0,1,1,5,-5,Province,Sulawesi Utara,Indonesia,Asia,Sulawesi,UTC+08:00,11,4,171,332,1507,13892,2641884,190.17,124.5212396,1.259638212,0,0.38,0.38,0.04,100,500,1,1
3/31/2020,ID-SS,Sumatera Selatan,3,0,0,3,5,2,1,2,Province,Sumatera Selatan,Indonesia,Asia,Sumatera,UTC+07:00,13,4,241,387,2853,91592,8217551,89.72,104.1694647,-3.216211808,0.37,0.61,0.24,0.02,40,20,0,1
3/31/2020,ID-SU,Sumatera Utara,6,2,0,4,13,4,10,-1,Province,Sumatera Utara,Indonesia,Asia,Sumatera,UTC+07:00,25,8,450,693,5417,72981,14874889,203.82,99.05196442,2.191894453,0.4,0.87,0.27,0.03,30.7692,76.92,1,0
4/1/2020,ID-BA,Bali,6,0,1,5,18,2,5,11,Province,Bali,Indonesia,Asia,Nusa Tenggara,UTC+08:00,8,1,57,80,636,5780,4216171,729.43,115.1317136,-8.369471688,1.42,4.27,0.47,0.05,11.1111,27.78,0,1
4/1/2020,ID-BT,Banten,12,1,6,5,91,28,190,-127,Province,Banten,Indonesia,Asia,Jawa,UTC+07:00,4,4,155,313,1238,9663,10722374,1109.64,106.1090043,-6.456736388,1.12,8.49,2.61,0.26,30.7692,208.79,0.86,0.5
4/1/2020,ID-JK,DKI Jakarta,59,1,0,58,467,107,112,248,Province,DKI Jakarta,Indonesia,Asia,Jawa,UTC+07:00,1,5,44,267,0,664,10846145,16334.31,106.8361183,-6.204698991,5.44,43.06,9.87,0.99,22.9122,23.98,1.34,0.1
4/1/2020,ID-YO,Daerah Istimewa Yogyakarta,6,0,1,5,17,2,5,10,Province,Daerah Istimewa Yogyakarta,Indonesia,Asia,Jawa,UTC+07:00,4,1,78,46,392,3133,3631015,1158.9,110.4448783,-7.89450185,1.65,4.68,0.55,0.06,11.7647,29.41,1.2,1
4/1/2020,IDN,Indonesia,149,21,22,106,1677,157,103,1417,Country,N/A,Indonesia,Asia,N/A,N/A,416,98,7230,8488,74953,1916907,265185520,138.34,113.921327,-0.789275,0.56,6.32,0.59,0.06,9.36196,6.14,1.31,1.5
4/1/2020,ID-JB,Jawa Barat,20,1,2,17,179,31,87,61,Province,Jawa Barat,Indonesia,Asia,Jawa,UTC+07:00,18,9,627,645,5312,35378,45161325,1276.55,107.6037083,-6.920432083,0.44,3.96,0.69,0.07,17.3184,48.6,2.86,0
4/1/2020,ID-JT,Jawa Tengah,19,8,16,-5,137,32,40,65,Province,Jawa Tengah,Indonesia,Asia,Jawa,UTC+07:00,29,6,576,753,7809,32801,36364072,1108.64,110.2011149,-7.259097177,0.52,3.77,0.88,0.09,23.3577,29.2,1.27,4
4/1/2020,ID-JI,Jawa Timur,9,4,77,-72,126,47,445,-366,Province,Jawa Timur,Indonesia,Asia,Jawa,UTC+07:00,29,9,666,777,7724,47803,40479023,846.78,112.7329414,-7.723345579,0.22,3.11,1.16,0.12,37.3016,353.17,9,0
4/1/2020,ID-KB,Kalimantan Barat,1,0,0,1,9,2,3,4,Province,Kalimantan Barat,Indonesia,Asia,Kalimantan,UTC+07:00,12,2,174,99,2031,147307,5422814,36.81,111.1211776,-0.086474572,0.18,1.66,0.37,0.04,22.2222,33.33,0,1
4/1/2020,ID-KT,Kalimantan Tengah,0,0,0,0,7,2,41,-36,Province,Kalimantan Tengah,Indonesia,Asia,Kalimantan,UTC+07:00,13,1,136,139,1432,153565,2570289,16.74,113.4176536,-1.602484653,0,2.72,0.78,0.08,28.5714,585.71,0,1
4/1/2020,ID-KI,Kalimantan Timur,1,0,0,1,17,1,3,13,Province,Kalimantan Timur,Indonesia,Asia,Kalimantan,UTC+08:00,7,3,103,197,841,129067,3552191,27.52,116.4684405,0.45385803,0.28,4.79,0.28,0.03,5.88235,17.65,0.33,0
4/1/2020,ID-KR,Kepulauan Riau,0,0,0,0,5,3,2,0,Province,Kepulauan Riau,Indonesia,Asia,Sumatera,UTC+07:00,5,2,75,142,275,8202,1929400,235.24,108.261746,3.916346,0,2.59,1.55,0.16,60,40,0,1
4/1/2020,ID-MA,Maluku,0,0,1,-1,1,1,2,-2,Province,Maluku,Indonesia,Asia,Maluku,UTC+09:00,9,2,118,35,1198,46914,1847097,39.37,129.576792,-3.192572,0,0.54,0.54,0.05,100,200,1,1
4/1/2020,ID-PA,Papua,0,0,1,-1,9,1,4,4,Province,Papua,Indonesia,Asia,Papua,UTC+09:00,28,1,560,110,5411,319036,4340348,13.6,138.69603,-4.66620953,0,2.07,0.23,0.02,11.1111,44.44,0,1
4/1/2020,ID-PB,Papua Barat,0,0,0,0,2,1,1,0,Province,Papua Barat,Indonesia,Asia,Papua,UTC+09:00,12,1,218,95,1742,102955,1140701,11.08,132.9762624,-2.045160182,0,1.75,0.88,0.09,50,50,1,1
4/1/2020,ID-RI,Riau,0,1,0,-1,3,1,1,1,Province,Riau,Indonesia,Asia,Sumatera,UTC+07:00,10,2,169,268,1591,87024,6074100,69.8,101.8051092,0.511647851,0,0.49,0.16,0.02,33.3333,33.33,1,0
4/1/2020,ID-SN,Sulawesi Selatan,14,0,0,14,65,4,5,56,Province,Sulawesi Selatan,Indonesia,Asia,Sulawesi,UTC+08:00,21,3,311,792,2255,46717,9426885,201.78,120.1620559,-3.731080714,1.49,6.9,0.42,0.04,6.15385,7.69,0,0
4/1/2020,ID-SA,Sulawesi Utara,2,0,0,2,3,1,5,-3,Province,Sulawesi Utara,Indonesia,Asia,Sulawesi,UTC+08:00,11,4,171,332,1507,13892,2641884,190.17,124.5212396,1.259638212,0.76,1.14,0.38,0.04,33.3333,166.67,0,1
4/1/2020,ID-SS,Sumatera Selatan,0,0,0,0,5,2,1,2,Province,Sumatera Selatan,Indonesia,Asia,Sumatera,UTC+07:00,13,4,241,387,2853,91592,8217551,89.72,104.1694647,-3.216211808,0,0.61,0.24,0.02,40,20,0,1
4/1/2020,ID-SU,Sumatera Utara,2,0,0,2,15,4,10,1,Province,Sumatera Utara,Indonesia,Asia,Sumatera,UTC+07:00,25,8,450,693,5417,72981,14874889,203.82,99.05196442,2.191894453,0.13,1.01,0.27,0.03,26.6667,66.67,0.33,0
4/2/2020,ID-BA,Bali,0,0,0,0,18,2,5,11,Province,Bali,Indonesia,Asia,Nusa Tenggara,UTC+08:00,8,1,57,80,636,5780,4216171,729.43,115.1317136,-8.369471688,0,4.27,0.47,0.05,11.1111,27.78,0,1
4/2/2020,ID-BT,Banten,6,2,1,3,97,30,191,-124,Province,Banten,Indonesia,Asia,Jawa,UTC+07:00,4,4,155,313,1238,9663,10722374,1109.64,106.1090043,-6.456736388,0.56,9.05,2.8,0.28,30.9278,196.91,0.5,2
4/2/2020,ID-JK,DKI Jakarta,70,5,2,63,537,112,114,311,Province,DKI Jakarta,Indonesia,Asia,Jawa,UTC+07:00,1,5,44,267,0,664,10846145,16334.31,106.8361183,-6.204698991,6.45,49.51,10.33,1.03,20.8566,21.23,1.19,5
4/2/2020,ID-YO,Daerah Istimewa Yogyakarta,0,1,0,-1,17,3,5,9,Province,Daerah Istimewa Yogyakarta,Indonesia,Asia,Jawa,UTC+07:00,4,1,78,46,392,3133,3631015,1158.9,110.4448783,-7.89450185,0,4.68,0.83,0.08,17.6471,29.41,0,0
4/2/2020,IDN,Indonesia,113,13,9,91,1790,170,112,1508,Country,N/A,Indonesia,Asia,N/A,N/A,416,98,7230,8488,74953,1916907,265185520,138.34,113.921327,-0.789275,0.43,6.75,0.64,0.06,9.49721,6.26,0.76,0.62
4/2/2020,ID-JB,Jawa Barat,15,5,1,9,194,36,88,70,Province,Jawa Barat,Indonesia,Asia,Jawa,UTC+07:00,18,9,627,645,5312,35378,45161325,1276.55,107.6037083,-6.920432083,0.33,4.3,0.8,0.08,18.5567,45.36,0.75,5
4/2/2020,ID-JT,Jawa Tengah,5,2,2,1,142,34,42,66,Province,Jawa Tengah,Indonesia,Asia,Jawa,UTC+07:00,29,6,576,753,7809,32801,36364072,1108.64,110.2011149,-7.259097177,0.14,3.9,0.93,0.09,23.9437,29.58,0.26,0.25
4/2/2020,ID-JI,Jawa Timur,0,12,91,-103,126,59,536,-469,Province,Jawa Timur,Indonesia,Asia,Jawa,UTC+07:00,29,9,666,777,7724,47803,40479023,846.78,112.7329414,-7.723345579,0,3.11,1.46,0.15,46.8254,425.4,0,3
4/2/2020,ID-KB,Kalimantan Barat,0,1,0,-1,9,3,3,3,Province,Kalimantan Barat,Indonesia,Asia,Kalimantan,UTC+07:00,12,2,174,99,2031,147307,5422814,36.81,111.1211776,-0.086474572,0,1.66,0.55,0.06,33.3333,33.33,0,0
4/2/2020,ID-KT,Kalimantan Tengah,0,0,0,0,7,2,41,-36,Province,Kalimantan Tengah,Indonesia,Asia,Kalimantan,UTC+07:00,13,1,136,139,1432,153565,2570289,16.74,113.4176536,-1.602484653,0,2.72,0.78,0.08,28.5714,585.71,1,1
4/2/2020,ID-KI,Kalimantan Timur,0,0,0,0,17,1,3,13,Province,Kalimantan Timur,Indonesia,Asia,Kalimantan,UTC+08:00,7,3,103,197,841,129067,3552191,27.52,116.4684405,0.45385803,0,4.79,0.28,0.03,5.88235,17.65,0,1
4/2/2020,ID-KR,Kepulauan Riau,2,1,2,-1,7,4,4,-1,Province,Kepulauan Riau,Indonesia,Asia,Sumatera,UTC+07:00,5,2,75,142,275,8202,1929400,235.24,108.261746,3.916346,1.04,3.63,2.07,0.21,57.1429,57.14,0,0
4/2/2020,ID-MA,Maluku,0,0,0,0,1,1,2,-2,Province,Maluku,Indonesia,Asia,Maluku,UTC+09:00,9,2,118,35,1198,46914,1847097,39.37,129.576792,-3.192572,0,0.54,0.54,0.05,100,200,1,1
4/2/2020,ID-PA,Papua,0,0,1,-1,9,1,5,3,Province,Papua,Indonesia,Asia,Papua,UTC+09:00,28,1,560,110,5411,319036,4340348,13.6,138.69603,-4.66620953,0,2.07,0.23,0.02,11.1111,55.56,1,1
4/2/2020,ID-PB,Papua Barat,0,0,0,0,2,1,1,0,Province,Papua Barat,Indonesia,Asia,Papua,UTC+09:00,12,1,218,95,1742,102955,1140701,11.08,132.9762624,-2.045160182,0,1.75,0.88,0.09,50,50,1,1
4/2/2020,ID-RI,Riau,4,0,0,4,7,1,1,5,Province,Riau,Indonesia,Asia,Sumatera,UTC+07:00,10,2,169,268,1591,87024,6074100,69.8,101.8051092,0.511647851,0.66,1.15,0.16,0.02,14.2857,14.29,0,0
4/2/2020,ID-SN,Sulawesi Selatan,0,2,4,-6,65,6,9,50,Province,Sulawesi Selatan,Indonesia,Asia,Sulawesi,UTC+08:00,21,3,311,792,2255,46717,9426885,201.78,120.1620559,-3.731080714,0,6.9,0.64,0.06,9.23077,13.85,0,0
4/2/2020,ID-SA,Sulawesi Utara,0,0,0,0,3,1,5,-3,Province,Sulawesi Utara,Indonesia,Asia,Sulawesi,UTC+08:00,11,4,171,332,1507,13892,2641884,190.17,124.5212396,1.259638212,0,1.14,0.38,0.04,33.3333,166.67,0,1
4/2/2020,ID-SS,Sumatera Selatan,6,0,0,6,11,2,1,8,Province,Sumatera Selatan,Indonesia,Asia,Sumatera,UTC+07:00,13,4,241,387,2853,91592,8217551,89.72,104.1694647,-3.216211808,0.73,1.34,0.24,0.02,18.1818,9.09,0,1
4/2/2020,ID-SU,Sumatera Utara,0,0,0,0,15,4,10,1,Province,Sumatera Utara,Indonesia,Asia,Sumatera,UTC+07:00,25,8,450,693,5417,72981,14874889,203.82,99.05196442,2.191894453,0,1.01,0.27,0.03,26.6667,66.67,0,1
4/3/2020,ID-BA,Bali,3,0,0,3,21,2,5,14,Province,Bali,Indonesia,Asia,Nusa Tenggara,UTC+08:00,8,1,57,80,636,5780,4216171,729.43,115.1317136,-8.369471688,0.71,4.98,0.47,0.05,9.52381,23.81,0,1
4/3/2020,ID-BT,Banten,4,0,4,0,101,30,195,-124,Province,Banten,Indonesia,Asia,Jawa,UTC+07:00,4,4,155,313,1238,9663,10722374,1109.64,106.1090043,-6.456736388,0.37,9.42,2.8,0.28,29.703,193.07,0.67,0
4/3/2020,ID-JK,DKI Jakarta,71,6,2,63,608,118,116,374,Province,DKI Jakarta,Indonesia,Asia,Jawa,UTC+07:00,1,5,44,267,0,664,10846145,16334.31,106.8361183,-6.204698991,6.55,56.06,10.88,1.09,19.4079,19.08,1.01,1.2
4/3/2020,ID-YO,Daerah Istimewa Yogyakarta,0,0,0,0,17,3,5,9,Province,Daerah Istimewa Yogyakarta,Indonesia,Asia,Jawa,UTC+07:00,4,1,78,46,392,3133,3631015,1158.9,110.4448783,-7.89450185,0,4.68,0.83,0.08,17.6471,29.41,1,0
4/3/2020,IDN,Indonesia,196,11,22,163,1986,181,134,1671,Country,N/A,Indonesia,Asia,N/A,N/A,416,98,7230,8488,74953,1916907,265185520,138.34,113.921327,-0.789275,0.74,7.49,0.68,0.07,9.1138,6.75,1.73,0.85
4/3/2020,ID-JB,Jawa Barat,2,1,2,-1,196,37,90,69,Province,Jawa Barat,Indonesia,Asia,Jawa,UTC+07:00,18,9,627,645,5312,35378,45161325,1276.55,107.6037083,-6.920432083,0.04,4.34,0.82,0.08,18.8776,45.92,0.13,0.2
4/3/2020,ID-JT,Jawa Tengah,19,1,5,13,161,35,47,79,Province,Jawa Tengah,Indonesia,Asia,Jawa,UTC+07:00,29,6,576,753,7809,32801,36364072,1108.64,110.2011149,-7.259097177,0.52,4.43,0.96,0.1,21.7391,29.19,3.8,0.5
4/3/2020,ID-JI,Jawa Timur,47,1,7,39,173,60,543,-430,Province,Jawa Timur,Indonesia,Asia,Jawa,UTC+07:00,29,9,666,777,7724,47803,40479023,846.78,112.7329414,-7.723345579,1.16,4.27,1.48,0.15,34.6821,313.87,0,0.08
4/3/2020,ID-KB,Kalimantan Barat,0,0,0,0,9,3,3,3,Province,Kalimantan Barat,Indonesia,Asia,Kalimantan,UTC+07:00,12,2,174,99,2031,147307,5422814,36.81,111.1211776,-0.086474572,0,1.66,0.55,0.06,33.3333,33.33,1,0
4/3/2020,ID-KT,Kalimantan Tengah,2,0,0,2,9,2,41,-34,Province,Kalimantan Tengah,Indonesia,Asia,Kalimantan,UTC+07:00,13,1,136,139,1432,153565,2570289,16.74,113.4176536,-1.602484653,0.78,3.5,0.78,0.08,22.2222,455.56,0,1
4/3/2020,ID-KI,Kalimantan Timur,1,0,0,1,18,1,3,14,Province,Kalimantan Timur,Indonesia,Asia,Kalimantan,UTC+08:00,7,3,103,197,841,129067,3552191,27.52,116.4684405,0.45385803,0.28,5.07,0.28,0.03,5.55556,16.67,0,1
4/3/2020,ID-KR,Kepulauan Riau,2,0,0,2,9,4,4,1,Province,Kepulauan Riau,Indonesia,Asia,Sumatera,UTC+07:00,5,2,75,142,275,8202,1929400,235.24,108.261746,3.916346,1.04,4.66,2.07,0.21,44.4444,44.44,1,0
4/3/2020,ID-MA,Maluku,0,0,0,0,1,1,2,-2,Province,Maluku,Indonesia,Asia,Maluku,UTC+09:00,9,2,118,35,1198,46914,1847097,39.37,129.576792,-3.192572,0,0.54,0.54,0.05,100,200,1,1
4/3/2020,ID-PA,Papua,6,1,0,5,15,2,5,8,Province,Papua,Indonesia,Asia,Papua,UTC+09:00,28,1,560,110,5411,319036,4340348,13.6,138.69603,-4.66620953,1.38,3.46,0.46,0.05,13.3333,33.33,0,0
4/3/2020,ID-PB,Papua Barat,0,0,0,0,2,1,1,0,Province,Papua Barat,Indonesia,Asia,Papua,UTC+09:00,12,1,218,95,1742,102955,1140701,11.08,132.9762624,-2.045160182,0,1.75,0.88,0.09,50,50,1,1
4/3/2020,ID-RI,Riau,3,0,0,3,10,1,1,8,Province,Riau,Indonesia,Asia,Sumatera,UTC+07:00,10,2,169,268,1591,87024,6074100,69.8,101.8051092,0.511647851,0.49,1.65,0.16,0.02,10,10,0.75,1
4/3/2020,ID-SN,Sulawesi Selatan,15,0,0,15,80,6,9,65,Province,Sulawesi Selatan,Indonesia,Asia,Sulawesi,UTC+08:00,21,3,311,792,2255,46717,9426885,201.78,120.1620559,-3.731080714,1.59,8.49,0.64,0.06,7.5,11.25,0,0
4/3/2020,ID-SA,Sulawesi Utara,0,0,0,0,3,1,5,-3,Province,Sulawesi Utara,Indonesia,Asia,Sulawesi,UTC+08:00,11,4,171,332,1507,13892,2641884,190.17,124.5212396,1.259638212,0,1.14,0.38,0.04,33.3333,166.67,1,1
4/3/2020,ID-SS,Sumatera Selatan,1,0,0,1,12,2,1,9,Province,Sumatera Selatan,Indonesia,Asia,Sumatera,UTC+07:00,13,4,241,387,2853,91592,8217551,89.72,104.1694647,-3.216211808,0.12,1.46,0.24,0.02,16.6667,8.33,0.17,1
4/3/2020,ID-SU,Sumatera Utara,0,0,0,0,15,4,10,1,Province,Sumatera Utara,Indonesia,Asia,Sumatera,UTC+07:00,25,8,450,693,5417,72981,14874889,203.82,99.05196442,2.191894453,0,1.01,0.27,0.03,26.6667,66.67,1,1
4/4/2020,ID-BA,Bali,5,0,0,5,26,2,5,19,Province,Bali,Indonesia,Asia,Nusa Tenggara,UTC+08:00,8,1,57,80,636,5780,4216171,729.43,115.1317136,-8.369471688,1.19,6.17,0.47,0.05,7.69231,19.23,1.67,1
4/4/2020,ID-BT,Banten,3,2,2,-1,104,32,197,-125,Province,Banten,Indonesia,Asia,Jawa,UTC+07:00,4,4,155,313,1238,9663,10722374,1109.64,106.1090043,-6.456736388,0.28,9.7,2.98,0.3,30.7692,189.42,0.75,0
4/4/2020,ID-JK,DKI Jakarta,57,8,5,44,665,126,121,418,Province,DKI Jakarta,Indonesia,Asia,Jawa,UTC+07:00,1,5,44,267,0,664,10846145,16334.31,106.8361183,-6.204698991,5.26,61.31,11.62,1.16,18.9474,18.2,0.8,1.33
4/4/2020,ID-YO,Daerah Istimewa Yogyakarta,5,0,0,5,22,3,5,14,Province,Daerah Istimewa Yogyakarta,Indonesia,Asia,Jawa,UTC+07:00,4,1,78,46,392,3133,3631015,1158.9,110.4448783,-7.89450185,1.38,6.06,0.83,0.08,13.6364,22.73,0,1
4/4/2020,IDN,Indonesia,106,10,16,80,2092,191,150,1751,Country,N/A,Indonesia,Asia,N/A,N/A,416,98,7230,8488,74953,1916907,265185520,138.34,113.921327,-0.789275,0.4,7.89,0.72,0.07,9.13002,7.17,0.54,0.91
4/4/2020,ID-JB,Jawa Barat,20,4,2,14,216,41,92,83,Province,Jawa Barat,Indonesia,Asia,Jawa,UTC+07:00,18,9,627,645,5312,35378,45161325,1276.55,107.6037083,-6.920432083,0.44,4.78,0.91,0.09,18.9815,42.59,10,4
4/4/2020,ID-JT,Jawa Tengah,15,1,3,11,176,36,50,90,Province,Jawa Tengah,Indonesia,Asia,Jawa,UTC+07:00,29,6,576,753,7809,32801,36364072,1108.64,110.2011149,-7.259097177,0.41,4.84,0.99,0.1,20.4545,28.41,0.79,1
4/4/2020,ID-JI,Jawa Timur,5,2,3,0,178,62,546,-430,Province,Jawa Timur,Indonesia,Asia,Jawa,UTC+07:00,29,9,666,777,7724,47803,40479023,846.78,112.7329414,-7.723345579,0.12,4.4,1.53,0.15,34.8315,306.74,0.11,2
4/4/2020,ID-KB,Kalimantan Barat,0,0,0,0,9,3,3,3,Province,Kalimantan Barat,Indonesia,Asia,Kalimantan,UTC+07:00,12,2,174,99,2031,147307,5422814,36.81,111.1211776,-0.086474572,0,1.66,0.55,0.06,33.3333,33.33,1,1
4/4/2020,ID-KT,Kalimantan Tengah,1,0,2,-1,10,2,43,-35,Province,Kalimantan Tengah,Indonesia,Asia,Kalimantan,UTC+07:00,13,1,136,139,1432,153565,2570289,16.74,113.4176536,-1.602484653,0.39,3.89,0.78,0.08,20,430,0.5,1
4/4/2020,ID-KI,Kalimantan Timur,2,0,1,1,20,1,4,15,Province,Kalimantan Timur,Indonesia,Asia,Kalimantan,UTC+08:00,7,3,103,197,841,129067,3552191,27.52,116.4684405,0.45385803,0.56,5.63,0.28,0.03,5,20,2,1
4/4/2020,ID-KR,Kepulauan Riau,0,0,0,0,9,4,4,1,Province,Kepulauan Riau,Indonesia,Asia,Sumatera,UTC+07:00,5,2,75,142,275,8202,1929400,235.24,108.261746,3.916346,0,4.66,2.07,0.21,44.4444,44.44,0,1
4/4/2020,ID-MA,Maluku,0,0,0,0,1,1,2,-2,Province,Maluku,Indonesia,Asia,Maluku,UTC+09:00,9,2,118,35,1198,46914,1847097,39.37,129.576792,-3.192572,0,0.54,0.54,0.05,100,200,1,1
4/4/2020,ID-PA,Papua,2,0,1,1,17,2,6,9,Province,Papua,Indonesia,Asia,Papua,UTC+09:00,28,1,560,110,5411,319036,4340348,13.6,138.69603,-4.66620953,0.46,3.92,0.46,0.05,11.7647,35.29,0.33,0
4/4/2020,ID-PB,Papua Barat,0,0,0,0,2,1,1,0,Province,Papua Barat,Indonesia,Asia,Papua,UTC+09:00,12,1,218,95,1742,102955,1140701,11.08,132.9762624,-2.045160182,0,1.75,0.88,0.09,50,50,1,1
4/4/2020,ID-RI,Riau,0,0,1,-1,10,1,2,7,Province,Riau,Indonesia,Asia,Sumatera,UTC+07:00,10,2,169,268,1591,87024,6074100,69.8,101.8051092,0.511647851,0,1.65,0.16,0.02,10,20,0,1
4/4/2020,ID-SN,Sulawesi Selatan,0,2,5,-7,80,8,14,58,Province,Sulawesi Selatan,Indonesia,Asia,Sulawesi,UTC+08:00,21,3,311,792,2255,46717,9426885,201.78,120.1620559,-3.731080714,0,8.49,0.85,0.08,10,17.5,0,0
4/4/2020,ID-SA,Sulawesi Utara,0,1,0,-1,3,2,5,-4,Province,Sulawesi Utara,Indonesia,Asia,Sulawesi,UTC+08:00,11,4,171,332,1507,13892,2641884,190.17,124.5212396,1.259638212,0,1.14,0.76,0.08,66.6667,166.67,1,0
4/4/2020,ID-SS,Sumatera Selatan,0,0,1,-1,12,2,2,8,Province,Sumatera Selatan,Indonesia,Asia,Sumatera,UTC+07:00,13,4,241,387,2853,91592,8217551,89.72,104.1694647,-3.216211808,0,1.46,0.24,0.02,16.6667,16.67,0,1
4/4/2020,ID-SU,Sumatera Utara,3,1,0,2,18,5,10,3,Province,Sumatera Utara,Indonesia,Asia,Sumatera,UTC+07:00,25,8,450,693,5417,72981,14874889,203.82,99.05196442,2.191894453,0.2,1.21,0.34,0.03,27.7778,55.56,0,0
4/5/2020,ID-BA,Bali,5,0,4,1,31,2,9,20,Province,Bali,Indonesia,Asia,Nusa Tenggara,UTC+08:00,8,1,57,80,636,5780,4216171,729.43,115.1317136,-8.369471688,1.19,7.35,0.47,0.05,6.45161,29.03,1,1
4/5/2020,ID-BT,Banten,4,2,4,-2,108,34,201,-127,Province,Banten,Indonesia,Asia,Jawa,UTC+07:00,4,4,155,313,1238,9663,10722374,1109.64,106.1090043,-6.456736388,0.37,10.07,3.17,0.32,31.4815,186.11,1.33,1
4/5/2020,ID-JK,DKI Jakarta,87,11,2,74,752,137,123,492,Province,DKI Jakarta,Indonesia,Asia,Jawa,UTC+07:00,1,5,44,267,0,664,10846145,16334.31,106.8361183,-6.204698991,8.02,69.33,12.63,1.26,18.2181,16.36,1.53,1.38
4/5/2020,ID-YO,Daerah Istimewa Yogyakarta,1,0,0,1,23,3,5,15,Province,Daerah Istimewa Yogyakarta,Indonesia,Asia,Jawa,UTC+07:00,4,1,78,46,392,3133,3631015,1158.9,110.4448783,-7.89450185,0.28,6.33,0.83,0.08,13.0435,21.74,0.2,1
4/5/2020,IDN,Indonesia,181,7,14,160,2273,198,164,1911,Country,N/A,Indonesia,Asia,N/A,N/A,416,98,7230,8488,74953,1916907,265185520,138.34,113.921327,-0.789275,0.68,8.57,0.75,0.07,8.71095,7.22,1.71,0.7
4/5/2020,ID-JB,Jawa Barat,6,2,1,3,222,43,93,86,Province,Jawa Barat,Indonesia,Asia,Jawa,UTC+07:00,18,9,627,645,5312,35378,45161325,1276.55,107.6037083,-6.920432083,0.13,4.92,0.95,0.1,19.3694,41.89,0.3,0.5
4/5/2020,ID-JT,Jawa Tengah,3,0,0,3,179,36,50,93,Province,Jawa Tengah,Indonesia,Asia,Jawa,UTC+07:00,29,6,576,753,7809,32801,36364072,1108.64,110.2011149,-7.259097177,0.08,4.92,0.99,0.1,20.1117,27.93,0.2,0
4/5/2020,ID-JI,Jawa Timur,35,2,8,25,213,64,554,-405,Province,Jawa Timur,Indonesia,Asia,Jawa,UTC+07:00,29,9,666,777,7724,47803,40479023,846.78,112.7329414,-7.723345579,0.86,5.26,1.58,0.16,30.0469,260.09,7,1
4/5/2020,ID-KB,Kalimantan Barat,0,0,0,0,9,3,3,3,Province,Kalimantan Barat,Indonesia,Asia,Kalimantan,UTC+07:00,12,2,174,99,2031,147307,5422814,36.81,111.1211776,-0.086474572,0,1.66,0.55,0.06,33.3333,33.33,1,1
4/5/2020,ID-KT,Kalimantan Tengah,0,0,0,0,10,2,43,-35,Province,Kalimantan Tengah,Indonesia,Asia,Kalimantan,UTC+07:00,13,1,136,139,1432,153565,2570289,16.74,113.4176536,-1.602484653,0,3.89,0.78,0.08,20,430,0,1
4/5/2020,ID-KI,Kalimantan Timur,1,0,0,1,21,1,4,16,Province,Kalimantan Timur,Indonesia,Asia,Kalimantan,UTC+08:00,7,3,103,197,841,129067,3552191,27.52,116.4684405,0.45385803,0.28,5.91,0.28,0.03,4.7619,19.05,0.5,1
4/5/2020,ID-KR,Kepulauan Riau,1,0,0,1,10,4,4,2,Province,Kepulauan Riau,Indonesia,Asia,Sumatera,UTC+07:00,5,2,75,142,275,8202,1929400,235.24,108.261746,3.916346,0.52,5.18,2.07,0.21,40,40,0,1
4/5/2020,ID-MA,Maluku,0,0,0,0,1,1,2,-2,Province,Maluku,Indonesia,Asia,Maluku,UTC+09:00,9,2,118,35,1198,46914,1847097,39.37,129.576792,-3.192572,0,0.54,0.54,0.05,100,200,1,1
4/5/2020,ID-PA,Papua,8,0,0,8,25,2,6,17,Province,Papua,Indonesia,Asia,Papua,UTC+09:00,28,1,560,110,5411,319036,4340348,13.6,138.69603,-4.66620953,1.84,5.76,0.46,0.05,8,24,4,1
4/5/2020,ID-PB,Papua Barat,0,0,0,0,2,1,1,0,Province,Papua Barat,Indonesia,Asia,Papua,UTC+09:00,12,1,218,95,1742,102955,1140701,11.08,132.9762624,-2.045160182,0,1.75,0.88,0.09,50,50,1,1
4/5/2020,ID-RI,Riau,1,1,0,0,11,2,2,7,Province,Riau,Indonesia,Asia,Sumatera,UTC+07:00,10,2,169,268,1591,87024,6074100,69.8,101.8051092,0.511647851,0.16,1.81,0.33,0.03,18.1818,18.18,0,0
4/5/2020,ID-SN,Sulawesi Selatan,2,2,11,-11,82,10,25,47,Province,Sulawesi Selatan,Indonesia,Asia,Sulawesi,UTC+08:00,21,3,311,792,2255,46717,9426885,201.78,120.1620559,-3.731080714,0.21,8.7,1.06,0.11,12.1951,30.49,0,1
4/5/2020,ID-SA,Sulawesi Utara,0,0,0,0,3,2,5,-4,Province,Sulawesi Utara,Indonesia,Asia,Sulawesi,UTC+08:00,11,4,171,332,1507,13892,2641884,190.17,124.5212396,1.259638212,0,1.14,0.76,0.08,66.6667,166.67,1,0
4/5/2020,ID-SS,Sumatera Selatan,4,0,0,4,16,2,2,12,Province,Sumatera Selatan,Indonesia,Asia,Sumatera,UTC+07:00,13,4,241,387,2853,91592,8217551,89.72,104.1694647,-3.216211808,0.49,1.95,0.24,0.02,12.5,12.5,0,1
4/5/2020,ID-SU,Sumatera Utara,0,0,0,0,18,5,10,3,Province,Sumatera Utara,Indonesia,Asia,Sumatera,UTC+07:00,25,8,450,693,5417,72981,14874889,203.82,99.05196442,2.191894453,0,1.21,0.34,0.03,27.7778,55.56,0,0
4/6/2020,ID-BA,Bali,7,0,0,7,38,2,9,27,Province,Bali,Indonesia,Asia,Nusa Tenggara,UTC+08:00,8,1,57,80,636,5780,4216171,729.43,115.1317136,-8.369471688,1.66,9.01,0.47,0.05,5.26316,23.68,1.4,1
4/6/2020,ID-BT,Banten,11,2,8,1,119,36,209,-126,Province,Banten,Indonesia,Asia,Jawa,UTC+07:00,4,4,155,313,1238,9663,10722374,1109.64,106.1090043,-6.456736388,1.03,11.1,3.36,0.34,30.2521,175.63,2.75,1
4/6/2020,ID-JK,DKI Jakarta,103,7,7,89,855,144,130,581,Province,DKI Jakarta,Indonesia,Asia,Jawa,UTC+07:00,1,5,44,267,0,664,10846145,16334.31,106.8361183,-6.204698991,9.5,78.83,13.28,1.33,16.8421,15.2,1.18,0.64
4/6/2020,ID-YO,Daerah Istimewa Yogyakarta,3,0,1,2,26,3,6,17,Province,Daerah Istimewa Yogyakarta,Indonesia,Asia,Jawa,UTC+07:00,4,1,78,46,392,3133,3631015,1158.9,110.4448783,-7.89450185,0.83,7.16,0.83,0.08,11.5385,23.08,3,1
4/6/2020,IDN,Indonesia,218,11,28,179,2491,209,192,2090,Country,N/A,Indonesia,Asia,N/A,N/A,416,98,7230,8488,74953,1916907,265185520,138.34,113.921327,-0.789275,0.82,9.39,0.79,0.08,8.3902,7.71,1.2,1.57
4/6/2020,ID-JB,Jawa Barat,10,3,4,3,232,46,97,89,Province,Jawa Barat,Indonesia,Asia,Jawa,UTC+07:00,18,9,627,645,5312,35378,45161325,1276.55,107.6037083,-6.920432083,0.22,5.14,1.02,0.1,19.8276,41.81,1.67,1.5
4/6/2020,ID-JT,Jawa Tengah,19,5,1,13,198,41,51,106,Province,Jawa Tengah,Indonesia,Asia,Jawa,UTC+07:00,29,6,576,753,7809,32801,36364072,1108.64,110.2011149,-7.259097177,0.52,5.44,1.13,0.11,20.7071,25.76,6.33,0
4/6/2020,ID-JI,Jawa Timur,9,5,11,-7,222,69,565,-412,Province,Jawa Timur,Indonesia,Asia,Jawa,UTC+07:00,29,9,666,777,7724,47803,40479023,846.78,112.7329414,-7.723345579,0.22,5.48,1.7,0.17,31.0811,254.5,0.26,2.5
4/6/2020,ID-KB,Kalimantan Barat,0,0,0,0,9,3,3,3,Province,Kalimantan Barat,Indonesia,Asia,Kalimantan,UTC+07:00,12,2,174,99,2031,147307,5422814,36.81,111.1211776,-0.086474572,0,1.66,0.55,0.06,33.3333,33.33,1,1
4/6/2020,ID-KT,Kalimantan Tengah,9,0,0,9,19,2,43,-26,Province,Kalimantan Tengah,Indonesia,Asia,Kalimantan,UTC+07:00,13,1,136,139,1432,153565,2570289,16.74,113.4176536,-1.602484653,3.5,7.39,0.78,0.08,10.5263,226.32,0,1
4/6/2020,ID-KI,Kalimantan Timur,6,0,0,6,27,1,4,22,Province,Kalimantan Timur,Indonesia,Asia,Kalimantan,UTC+08:00,7,3,103,197,841,129067,3552191,27.52,116.4684405,0.45385803,1.69,7.6,0.28,0.03,3.7037,14.81,6,1
4/6/2020,ID-KR,Kepulauan Riau,0,0,0,0,10,4,4,2,Province,Kepulauan Riau,Indonesia,Asia,Sumatera,UTC+07:00,5,2,75,142,275,8202,1929400,235.24,108.261746,3.916346,0,5.18,2.07,0.21,40,40,0,1
4/6/2020,ID-MA,Maluku,0,0,0,0,1,1,2,-2,Province,Maluku,Indonesia,Asia,Maluku,UTC+09:00,9,2,118,35,1198,46914,1847097,39.37,129.576792,-3.192572,0,0.54,0.54,0.05,100,200,1,1
